,Measurement Start time (24hr time),Pressure (bar),Flux 0 (LMH),Flux 1 (LMH),Flux 2 (LMH)
0,19:23:00,1.3444782,1157.0278884856418,1183.9379644335602,1180.4284289339669
1,18:56:00,2.0477437199999997,1761.9844479112267,1830.8353267231612,1732.7161908732098
2,18:31:00,2.73721972,2392.7545735886715,2484.6929562735513,2332.6921652899177
3,18:05:00,3.44738,3053.053826438669,3189.0953475381275,2966.253221738315
