Measurement Start time (24hr time),Pressure (bar),Flux 0 (LMH),Flux 1 (LMH),Flux 2 (LMH)
19:23:00,1.3444782,1158.6358033814695,1187.1599764049454,1183.3376470535004
18:56:00,2.0477437199999997,1765.9605793168132,1835.6083577428012,1735.8147555553078
18:31:00,2.73721972,2397.0259034045303,2489.733230917927,2335.344908657169
18:05:00,3.44738,3060.892156482126,3197.073870057276,2973.3616941451055
