Model Parameters,Parameter Values
a,2196.452134110125
b,0.018964172288708808
c,841.9014875599163
R2,0.9991018973737706
