Model Parameters,Parameter Values
a0,841.9008213448631
a1,2196.452726205858
t0,52.731039691627956
R2,0.9991018973737792
