Specimen,Permeance (LMH/bar),Intercept (LMH/bar),r^2
1,1299.1931506344947,-79.58953303980888,0.9993239578296503
2,1307.788069412623,-73.0424956967081,0.9994297790056673
3,1234.5682583525374,-7.060393503446903,0.9998924202166928
Mean,1280.516492799885,-53.230807413321294,0.0
Standard Deviation,32.67923238410974,32.75664070026953,0.0
