Measurement Start time (24hr time),Pressure (bar),Flux 0 (LMH),Flux 1 (LMH),Flux 2 (LMH),Flux 3 (LMH),Flux 4 (LMH),Flux 5 (LMH),Flux 6 (LMH),Flux 7 (LMH),Flux 8 (LMH),Average Flux (LMH),Standard Deviation (LMH),Standard Error (%)
15:00:00,2.0615332399999997,2410.8949502729433,2651.9844413124806,2917.1828870388254,3208.9011747856316,3529.791292104696,2169.805456043212,1952.824910119846,1757.5424219790705,1581.788178983597,2464.5239680711443,628.8923068132025,25.517800393128415
15:13:00,1.6650845399999998,1988.4026680082698,2187.2429324164477,2405.967225498563,2646.563943741642,2911.220343858171,1789.5623988147827,1610.6061598903664,1449.5455403920926,1304.5909912977143,2032.6335782131164,518.6833807062205,25.517800466633734
15:27:00,1.44100484,1583.3859101717326,1741.7245026245005,1915.8969575127446,2107.4866516689203,2318.2353112529345,1425.0473161238497,1282.5425892967978,1154.2883273363964,1038.8594931671603,1618.6074510172264,413.0330215486343,25.51780058154684
15:42:00,1.04110876,1141.3655311065372,1255.502080867442,1381.052287837625,1519.1575186950265,1671.0732667362906,1027.2289781553932,924.5060808183857,832.0554724175123,748.8499256542983,1166.7545713653901,297.73010166869375,25.517800313417776
15:59:00,0.6722391,729.6341042808583,802.5975111997008,882.8572631172483,971.1429900670191,1068.2572854049708,656.6706941717947,591.0036274663029,531.9032645601557,478.7129339568651,745.8644082472129,190.32818964728654,25.5178002251856
