Measurement Start time (24hr time),Pressure (bar),Flux 0 (LMH),Flux 1 (LMH),Flux 2 (LMH),Average Flux (LMH),Standard Deviation (LMH),Standard Error (%)
15:30:00,2.068428,3859.0210647879135,3740.4467948064553,4191.404137640383,3930.290665744917,190.87543630928008,4.856522139008337
15:33:00,1.72369,3239.6062800084765,3142.8591605358606,3509.3325675315414,3297.26600269196,155.06809735018052,4.702929555079255
15:37:00,1.38584676,2610.1339542789096,2527.511376757515,2832.6202828141736,2656.755204616866,128.84879219736223,4.84985564245629
15:41:00,1.034214,1972.158560485105,1908.4603377314088,2132.3081760982236,2004.309024771579,94.17077731706652,4.6984160702364095
15:47:00,0.69637076,1347.3484885193009,1302.1266152531482,1452.4304481884478,1367.3018506536325,62.96249171323323,4.60487138835761
