Measurement Start time (24hr time),Pressure (bar),Flux 0 (LMH),Flux 1 (LMH),Flux 2 (LMH),Average Flux (LMH),Standard Deviation (LMH),Standard Error (%)
15:31:00,2.0615332399999997,2616.6726955251156,2637.8247341848064,2533.8475593330218,2596.114996347648,44.8685299450375,1.7282951644345852
15:34:00,1.75126904,2188.9025616612093,2213.430040005533,2163.6491058463052,2188.660569171016,20.32370162667761,0.9285908428631069
15:40:00,1.3548203399999998,1660.4426067734264,1681.8648387700464,1665.109672245771,1669.1390392630813,9.198001770290226,0.551062646905144
15:43:00,1.0514508999999999,1274.6899940282678,1287.5577626381169,1282.2495132930508,1281.4990899864786,5.27997592187938,0.4120155810594521
15:50:00,0.69981814,850.3211314670635,862.5541124244529,861.6862081807134,858.1871506907432,5.573389648711674,0.6494375549931887
